Workbook

Sheet Mode d'emploi
B5: Chiffrage du temps perdu
B6: Ce fichier transforme vos observations et entretiens en heures rendues par an, et classe les tâches par priorité.
B8: Comment le remplir
B9: 1. Onglet « Chiffrage » : une ligne par tâche répétitive repérée. Remplissez uniquement les cellules jaunes.
B10: 2. Durée : le temps d'une occurrence, en minutes. Occurrences : combien de fois par semaine et par personne.
B11: 3. Part automatisable : la part de la tâche qu'un outil pourrait faire (estimation prudente : 30 à 70 %).
B12: 4. Facilité : 1 = simple (un seul outil), 2 = moyenne, 3 = complexe (plusieurs outils, documents, cas particuliers).
B13: 5. Les colonnes grises se calculent seules. L'onglet « Synthèse » donne les totaux à reporter dans le rapport.
B15: Bon à savoir
B16: La première ligne du tableau est un exemple : remplacez-la ou supprimez-la.
B17: Le nombre de semaines travaillées et les seuils de priorité se règlent dans l'onglet « Paramètres ».
B18: Priorité = heures rendues par an divisées par la facilité : un gain important et simple passe en premier.
... B22: Cellule calculée automatiquement

Sheet Chiffrage
A1: Chiffrage du temps perdu
A2: Client : | D2: Date :
A4: N° | B4: Service | C4: Poste | D4: Tâche répétitive | E4: Outil(s) | F4: Durée d'une fois (min) | G4: Fois par semaine (par personne) | H4: Personnes concernées | I4: Part automatisable | J4: Facilité (1 à 3) | K4: Minutes perdues / semaine | L4: Heures perdues / an | M4: Heures rendues / an | N4: Score | O4: Priorité
A5: 1 | B5: Commercial | C5: Assistante commerciale | D5: Relance des devis par mail | E5: Gmail, Excel | F5: 10 | G5: 5 | H5: 2 | I5: 0.7 | J5: 1 | K5: =IF(OR(F5="",G5="",H5=""),"",F5*G5*H5) -> 100 | L5: =IF(K5="","",K5/60*Paramètres!$C$4) -> 73.333333 | M5: =IF(OR(L5="",I5=""),"",L5*I5) -> 51.333333 | N5: =IF(OR(M5="",J5="",J5=0),"",M5/J5) -> 51.333333 | O5: =IF(N5="","",IF(N5>=Paramètres!$C$6,"Haute",IF(N5>=Paramètres!$C$7,"Moyenne","Basse"))) -> Haute
A6: 2 | K6: =IF(OR(F6="",G6="",H6=""),"",F6*G6*H6) | L6: =IF(K6="","",K6/60*Paramètres!$C$4) | M6: =IF(OR(L6="",I6=""),"",L6*I6) | N6: =IF(OR(M6="",J6="",J6=0),"",M6/J6) | O6: =IF(N6="","",IF(N6>=Paramètres!$C$6,"Haute",IF(N6>=Paramètres!$C$7,"Moyenne","Basse")))
A7: 3 | K7: =IF(OR(F7="",G7="",H7=""),"",F7*G7*H7) | L7: =IF(K7="","",K7/60*Paramètres!$C$4) | M7: =IF(OR(L7="",I7=""),"",L7*I7) | N7: =IF(OR(M7="",J7="",J7=0),"",M7/J7) | O7: =IF(N7="","",IF(N7>=Paramètres!$C$6,"Haute",IF(N7>=Paramètres!$C$7,"Moyenne","Basse")))
A8: 4 | K8: =IF(OR(F8="",G8="",H8=""),"",F8*G8*H8) | L8: =IF(K8="","",K8/60*Paramètres!$C$4) | M8: =IF(OR(L8="",I8=""),"",L8*I8) | N8: =IF(OR(M8="",J8="",J8=0),"",M8/J8) | O8: =IF(N8="","",IF(N8>=Paramètres!$C$6,"Haute",IF(N8>=Paramètres!$C$7,"Moyenne","Basse")))
A9: 5 | K9: =IF(OR(F9="",G9="",H9=""),"",F9*G9*H9) | L9: =IF(K9="","",K9/60*Paramètres!$C$4) | M9: =IF(OR(L9="",I9=""),"",L9*I9) | N9: =IF(OR(M9="",J9="",J9=0),"",M9/J9) | O9: =IF(N9="","",IF(N9>=Paramètres!$C$6,"Haute",IF(N9>=Paramètres!$C$7,"Moyenne","Basse")))
A10: 6 | K10: =IF(OR(F10="",G10="",H10=""),"",F10*G10*H10) | L10: =IF(K10="","",K10/60*Paramètres!$C$4) | M10: =IF(OR(L10="",I10=""),"",L10*I10) | N10: =IF(OR(M10="",J10="",J10=0),"",M10/J10) | O10: =IF(N10="","",IF(N10>=Paramètres!$C$6,"Haute",IF(N10>=Paramètres!$C$7,"Moyenne","Basse")))
A11: 7 | K11: =IF(OR(F11="",G11="",H11=""),"",F11*G11*H11) | L11: =IF(K11="","",K11/60*Paramètres!$C$4) | M11: =IF(OR(L11="",I11=""),"",L11*I11) | N11: =IF(OR(M11="",J11="",J11=0),"",M11/J11) | O11: =IF(N11="","",IF(N11>=Paramètres!$C$6,"Haute",IF(N11>=Paramètres!$C$7,"Moyenne","Basse")))
A12: 8 | K12: =IF(OR(F12="",G12="",H12=""),"",F12*G12*H12) | L12: =IF(K12="","",K12/60*Paramètres!$C$4) | M12: =IF(OR(L12="",I12=""),"",L12*I12) | N12: =IF(OR(M12="",J12="",J12=0),"",M12/J12) | O12: =IF(N12="","",IF(N12>=Paramètres!$C$6,"Haute",IF(N12>=Paramètres!$C$7,"Moyenne","Basse")))
A13: 9 | K13: =IF(OR(F13="",G13="",H13=""),"",F13*G13*H13) | L13: =IF(K13="","",K13/60*Paramètres!$C$4) | M13: =IF(OR(L13="",I13=""),"",L13*I13) | N13: =IF(OR(M13="",J13="",J13=0),"",M13/J13) | O13: =IF(N13="","",IF(N13>=Paramètres!$C$6,"Haute",IF(N13>=Paramètres!$C$7,"Moyenne","Basse")))
A14: 10 | K14: =IF(OR(F14="",G14="",H14=""),"",F14*G14*H14) | L14: =IF(K14="","",K14/60*Paramètres!$C$4) | M14: =IF(OR(L14="",I14=""),"",L14*I14) | N14: =IF(OR(M14="",J14="",J14=0),"",M14/J14) | O14: =IF(N14="","",IF(N14>=Paramètres!$C$6,"Haute",IF(N14>=Paramètres!$C$7,"Moyenne","Basse")))
A15: 11 | K15: =IF(OR(F15="",G15="",H15=""),"",F15*G15*H15) | L15: =IF(K15="","",K15/60*Paramètres!$C$4) | M15: =IF(OR(L15="",I15=""),"",L15*I15) | N15: =IF(OR(M15="",J15="",J15=0),"",M15/J15) | O15: =IF(N15="","",IF(N15>=Paramètres!$C$6,"Haute",IF(N15>=Paramètres!$C$7,"Moyenne","Basse")))
A16: 12 | K16: =IF(OR(F16="",G16="",H16=""),"",F16*G16*H16) | L16: =IF(K16="","",K16/60*Paramètres!$C$4) | M16: =IF(OR(L16="",I16=""),"",L16*I16) | N16: =IF(OR(M16="",J16="",J16=0),"",M16/J16) | O16: =IF(N16="","",IF(N16>=Paramètres!$C$6,"Haute",IF(N16>=Paramètres!$C$7,"Moyenne","Basse")))
A17: 13 | K17: =IF(OR(F17="",G17="",H17=""),"",F17*G17*H17) | L17: =IF(K17="","",K17/60*Paramètres!$C$4) | M17: =IF(OR(L17="",I17=""),"",L17*I17) | N17: =IF(OR(M17="",J17="",J17=0),"",M17/J17) | O17: =IF(N17="","",IF(N17>=Paramètres!$C$6,"Haute",IF(N17>=Paramètres!$C$7,"Moyenne","Basse")))
... A44: 40 | K44: =IF(OR(F44="",G44="",H44=""),"",F44*G44*H44) | L44: =IF(K44="","",K44/60*Paramètres!$C$4) | M44: =IF(OR(L44="",I44=""),"",L44*I44) | N44: =IF(OR(M44="",J44="",J44=0),"",M44/J44) | O44: =IF(N44="","",IF(N44>=Paramètres!$C$6,"Haute",IF(N44>=Paramètres!$C$7,"Moyenne","Basse")))
D46: Cellules jaunes : à remplir · cellules grises : calculées. Première ligne = exemple.

Sheet Synthèse
B2: Synthèse du diagnostic
B3: =IF(Chiffrage!B2="","","Client : "&Chiffrage!B2)
B5: Tâches répétitives recensées | C5: =COUNT(Chiffrage!K5:K44) -> 1
B6: Heures perdues par an (toutes tâches) | C6: =SUM(Chiffrage!L5:L44) -> 73.333333
B7: Heures rendues par an après automatisation | C7: =SUM(Chiffrage!M5:M44) -> 51.333333 | D7: Chiffre clé à reporter dans le rapport
B8: Soit en jours de travail | C8: =IFERROR(C7/Paramètres!$C$5,0) -> 7.3333333
B9: Tâches en priorité Haute | C9: =COUNTIF(Chiffrage!O5:O44,"Haute") -> 1
B10: Tâches en priorité Moyenne | C10: =COUNTIF(Chiffrage!O5:O44,"Moyenne") -> 0
B11: Tâches en priorité Basse | C11: =COUNTIF(Chiffrage!O5:O44,"Basse") -> 0
B12: Heures rendues par an · priorité Haute seule | C12: =SUMIF(Chiffrage!O5:O44,"Haute",Chiffrage!M5:M44) -> 51.333333 | D12: Ce que rapporte une première phase ciblée
B15: Par service
B16: Service (à saisir) | C16: Heures rendues / an | D16: Heures perdues / an
B17: Commercial | C17: =IF(B17="","",SUMIF(Chiffrage!B5:B44,B17,Chiffrage!M5:M44)) -> 51.333333 | D17: =IF(B17="","",SUMIF(Chiffrage!B5:B44,B17,Chiffrage!L5:L44)) -> 73.333333
C18: =IF(B18="","",SUMIF(Chiffrage!B5:B44,B18,Chiffrage!M5:M44)) | D18: =IF(B18="","",SUMIF(Chiffrage!B5:B44,B18,Chiffrage!L5:L44))
C19: =IF(B19="","",SUMIF(Chiffrage!B5:B44,B19,Chiffrage!M5:M44)) | D19: =IF(B19="","",SUMIF(Chiffrage!B5:B44,B19,Chiffrage!L5:L44))
C20: =IF(B20="","",SUMIF(Chiffrage!B5:B44,B20,Chiffrage!M5:M44)) | D20: =IF(B20="","",SUMIF(Chiffrage!B5:B44,B20,Chiffrage!L5:L44))
C21: =IF(B21="","",SUMIF(Chiffrage!B5:B44,B21,Chiffrage!M5:M44)) | D21: =IF(B21="","",SUMIF(Chiffrage!B5:B44,B21,Chiffrage!L5:L44))
C22: =IF(B22="","",SUMIF(Chiffrage!B5:B44,B22,Chiffrage!M5:M44)) | D22: =IF(B22="","",SUMIF(Chiffrage!B5:B44,B22,Chiffrage!L5:L44))
C23: =IF(B23="","",SUMIF(Chiffrage!B5:B44,B23,Chiffrage!M5:M44)) | D23: =IF(B23="","",SUMIF(Chiffrage!B5:B44,B23,Chiffrage!L5:L44))
C24: =IF(B24="","",SUMIF(Chiffrage!B5:B44,B24,Chiffrage!M5:M44)) | D24: =IF(B24="","",SUMIF(Chiffrage!B5:B44,B24,Chiffrage!L5:L44))
B26: Saisissez les noms de service exactement comme dans l'onglet Chiffrage.

Sheet Paramètres
B2: Paramètres
B4: Semaines travaillées par an | C4: 44 | D4: 220 jours ÷ 5 jours
B5: Heures par jour de travail | C5: 7 | D5: Pour convertir les heures en jours
B6: Seuil priorité Haute (score ≥) | C6: 40 | D6: Score = heures rendues par an ÷ facilité
B7: Seuil priorité Moyenne (score ≥) | C7: 15 | D7: En dessous : priorité Basse
